repository,files,count,Total_files_py,,LOC,total_py_LOC,,commits,issues,,,,,
https://github.com/pachyderm/python-pachyderm,https://github.com/pachyderm/python-pachyderm/blob/8b7b4c774f2001ad3786917f2bdb3854a1a4932a/examples/jupyter/jupyter.json,1,87,,28,29764,,857,20,,,,,09-Apr-19
https://github.com/itssimon/pachypy,"https://github.com/itssimon/pachypy/blob/ec46d7be52f7c771e6cfce97eb72e24a045c4c72/tests/pipelines/test_e.yaml, https://github.com/itssimon/pachypy/blob/ec46d7be52f7c771e6cfce97eb72e24a045c4c72/examples/pipelines.yaml, https://github.com/itssimon/pachypy/blob/ec46d7be52f7c771e6cfce97eb72e24a045c4c72/tests/pipelines/test_a.yaml, https://github.com/itssimon/pachypy/blob/ec46d7be52f7c771e6cfce97eb72e24a045c4c72/tests/pipelines/test_c.json, https://github.com/itssimon/pachypy/blob/ec46d7be52f7c771e6cfce97eb72e24a045c4c72/tests/pipelines/test_b.yaml",5,13,,115,2830,,293,1,,,,,
https://github.com/lintol/doorstep,https://github.com/lintol/doorstep/blob/b7bdc2abcd4bedfedfe375f677848008a62ce6bf/src/ltldoorstep/engines/pachyderm_proxy/doorstep.json,1,64,,97,4395,,256,,,,,,
https://github.com/pharmbio/cpsign-service-management,"https://github.com/pharmbio/cpsign-service-management/blob/4db6aad770c76563af5046a6519ca2f678bfcfef/LogD/pipeline_setup/spec-upload.json, https://github.com/pharmbio/cpsign-service-management/blob/4db6aad770c76563af5046a6519ca2f678bfcfef/LogD/pipeline_setup/spec-aggregate.json, https://github.com/pharmbio/cpsign-service-management/blob/4db6aad770c76563af5046a6519ca2f678bfcfef/LogD/pipeline_setup/spec-train.json",3,1,,123,96,,80,1,,,,,
https://github.com/nadegepepin/capstone-prototype,"https://github.com/nadegepepin/capstone-prototype/blob/5e8dd7bc320332e343574714ce43cab44753e77e/src/pachyderm/images.json, https://github.com/nadegepepin/capstone-prototype/blob/5e8dd7bc320332e343574714ce43cab44753e77e/src/pachyderm/model.json, https://github.com/nadegepepin/capstone-prototype/blob/5e8dd7bc320332e343574714ce43cab44753e77e/src/pachyderm/predict.json, https://github.com/nadegepepin/capstone-prototype/blob/5e8dd7bc320332e343574714ce43cab44753e77e/src/pachyderm/pachyderm-inspect-input.json, https://github.com/nadegepepin/capstone-prototype/blob/5e8dd7bc320332e343574714ce43cab44753e77e/src/pachyderm/features.json",5,14,,126,1084,,63,,,,,,
https://github.com/pachyderm/ambient-music-generation,"https://github.com/pachyderm/ambient-music-generation/blob/3487bcde6a6eb0543bd2ada419570d20678419b2/pipelines/transformer-preprocess.json, https://github.com/pachyderm/ambient-music-generation/blob/3487bcde6a6eb0543bd2ada419570d20678419b2/pipelines/mp3-to-wav.json, https://github.com/pachyderm/ambient-music-generation/blob/3487bcde6a6eb0543bd2ada419570d20678419b2/pipelines/music-transformer.json, https://github.com/pachyderm/ambient-music-generation/blob/3487bcde6a6eb0543bd2ada419570d20678419b2/pipelines/midi.json",4,1,,94,0,,42,2,,,,,
https://github.com/pharmbio/MTBLS233-Pachyderm,"https://github.com/pharmbio/MTBLS233-Pachyderm/blob/8c69039c7f6b41068a99fbbefdd8a4a510f09643/pipelines/PeakPickerHiRes.json, https://github.com/pharmbio/MTBLS233-Pachyderm/blob/8c69039c7f6b41068a99fbbefdd8a4a510f09643/pipelines/TextExporter.json, https://github.com/pharmbio/MTBLS233-Pachyderm/blob/8c69039c7f6b41068a99fbbefdd8a4a510f09643/pipelines/FeatureFinderMetabo.json, https://github.com/pharmbio/MTBLS233-Pachyderm/blob/8c69039c7f6b41068a99fbbefdd8a4a510f09643/pipelines/FileFilter.json, https://github.com/pharmbio/MTBLS233-Pachyderm/blob/8c69039c7f6b41068a99fbbefdd8a4a510f09643/pipelines/FeatureLinkerUnlabeledQT.json",5,0,,121,0,,31,,,,,,
https://github.com/pharmbio/LC-MS-Pachyderm,"https://github.com/pharmbio/LC-MS-Pachyderm/blob/6b6cdbc161221b69327566c5fffdee528981055e/pipelines/Passatutto.json, https://github.com/pharmbio/LC-MS-Pachyderm/blob/6b6cdbc161221b69327566c5fffdee528981055e/pipelines/XcmsGroupPeaks_2.json, https://github.com/pharmbio/LC-MS-Pachyderm/blob/6b6cdbc161221b69327566c5fffdee528981055e/pipelines/XcmsGroupPeaks_1.json, https://github.com/pharmbio/LC-MS-Pachyderm/blob/6b6cdbc161221b69327566c5fffdee528981055e/pipelines/XcmsDilutionFilter.json, https://github.com/pharmbio/LC-MS-Pachyderm/blob/6b6cdbc161221b69327566c5fffdee528981055e/pipelines/FeatureFinderMetabo.json, https://github.com/pharmbio/LC-MS-Pachyderm/blob/6b6cdbc161221b69327566c5fffdee528981055e/pipelines/CameraGroup.json, https://github.com/pharmbio/LC-MS-Pachyderm/blob/6b6cdbc161221b69327566c5fffdee528981055e/pipelines/CameraAnnotatePeaks.json, https://github.com/pharmbio/LC-MS-Pachyderm/blob/6b6cdbc161221b69327566c5fffdee528981055e/pipelines/Msms2MetFrag.json, https://github.com/pharmbio/LC-MS-Pachyderm/blob/6b6cdbc161221b69327566c5fffdee528981055e/pipelines/XcmsFindPeaks.json, https://github.com/pharmbio/LC-MS-Pachyderm/blob/6b6cdbc161221b69327566c5fffdee528981055e/pipelines/MapMsms2Camera.json, https://github.com/pharmbio/LC-MS-Pachyderm/blob/6b6cdbc161221b69327566c5fffdee528981055e/pipelines/XcmsCorrectRt.json, https://github.com/pharmbio/LC-MS-Pachyderm/blob/6b6cdbc161221b69327566c5fffdee528981055e/pipelines/CameraFindAdducts.json, https://github.com/pharmbio/LC-MS-Pachyderm/blob/6b6cdbc161221b69327566c5fffdee528981055e/pipelines/XcmsCollectPeaks.json, https://github.com/pharmbio/LC-MS-Pachyderm/blob/6b6cdbc161221b69327566c5fffdee528981055e/pipelines/XcmsBlankFilter.json, https://github.com/pharmbio/LC-MS-Pachyderm/blob/6b6cdbc161221b69327566c5fffdee528981055e/pipelines/CameraFindIsotopes.json, https://github.com/pharmbio/LC-MS-Pachyderm/blob/6b6cdbc161221b69327566c5fffdee528981055e/pipelines/Csifingerid.json, https://github.com/pharmbio/LC-MS-Pachyderm/blob/6b6cdbc161221b69327566c5fffdee528981055e/pipelines/PrecursorMassCorrector.json, https://github.com/pharmbio/LC-MS-Pachyderm/blob/6b6cdbc161221b69327566c5fffdee528981055e/pipelines/ReadMsms.json, https://github.com/pharmbio/LC-MS-Pachyderm/blob/6b6cdbc161221b69327566c5fffdee528981055e/pipelines/PeakPickerHiRes.json, https://github.com/pharmbio/LC-MS-Pachyderm/blob/6b6cdbc161221b69327566c5fffdee528981055e/pipelines/AggregateMetFrag.json, https://github.com/pharmbio/LC-MS-Pachyderm/blob/6b6cdbc161221b69327566c5fffdee528981055e/pipelines/Multivariate.json, https://github.com/pharmbio/LC-MS-Pachyderm/blob/master/pipelines/CameraPrepareOutputMulti.json",22,0,,724,0,,30,,,,,,
https://github.com/pharmbio/pachyderm-gpu,https://github.com/pharmbio/pachyderm-gpu/blob/0ee0f0c1253478ca7ef0135ed7d477edacd917c1/pipelines/mypipeline.json,1,1,,27,7,,21,,,,,,
 https://github.com/NEONScience/NEON-IS-data-processing,"https://github.com/NEONScience/NEON-IS-data-processing/blob/306afc2633f568fd765e2ecf479014d3618f8617/pipe/ptb330a/ptb330a_calibration_assignment.json
 https://github.com/NEONScience/NEON-IS-data-processing/blob/8f695227f42bfb446b7e13fc6e63213cb673bdad/pipe/waterQuality/waterQuality_exoturbidity_threshold_select.json
 https://github.com/NEONScience/NEON-IS-data-processing/blob/c7a035ae115a78f430a19ea148128d10f19b7f0a/pipe/waterQuality/waterQuality_exototalalgae.json
 https://github.com/NEONScience/NEON-IS-data-processing/blob/9b43756cc2e659a70c706f8a3f3ab75a6d43c75f/pipe/tempSoil/tempSoil_level1_location_group.yaml
 https://github.com/NEONScience/NEON-IS-data-processing/blob/c7a035ae115a78f430a19ea148128d10f19b7f0a/pipe/parQuantumLine/parQuantumLine_pre_statistics_group.yaml
 https://github.com/NEONScience/NEON-IS-data-processing/blob/8f695227f42bfb446b7e13fc6e63213cb673bdad/pipe/exo/exophorp_calibration_assignment.json
 https://github.com/NEONScience/NEON-IS-data-processing/blob/c7a035ae115a78f430a19ea148128d10f19b7f0a/pipe/waterQuality/waterQuality_exototalalgae_qaqc_flags_group.json
 https://github.com/NEONScience/NEON-IS-data-processing/blob/8f695227f42bfb446b7e13fc6e63213cb673bdad/pipe/tempAirSingle/tempAirSingle_threshold_select.json
 https://github.com/NEONScience/NEON-IS-data-processing/blob/8f695227f42bfb446b7e13fc6e63213cb673bdad/pipe/waterQuality/waterQuality_exo2_threshold_filter.json
 https://github.com/NEONScience/NEON-IS-data-processing/blob/8f695227f42bfb446b7e13fc6e63213cb673bdad/pipe/exo/exoconductivity_merge_data_by_location.json
 https://github.com/NEONScience/NEON-IS-data-processing/blob/1a8751f7ca140e243e090b7400528a1230130add/pipe/tchain/tchain_calibrated_location_group.yaml
 https://github.com/NEONScience/NEON-IS-data-processing/blob/c7a035ae115a78f430a19ea148128d10f19b7f0a/pipe/waterQuality/waterQuality_exophorp_qaqc_flags_group.json
 https://github.com/NEONScience/NEON-IS-data-processing/blob/f59be7558a5ddacd87da43b6fc1fd92d55ade49c/pipe/waterQuality/waterQuality_exototalalgae_qaqc_plausibility.json
 https://github.com/NEONScience/NEON-IS-data-processing/blob/c7a035ae115a78f430a19ea148128d10f19b7f0a/pipe/waterQuality/waterQuality_exoconductivity_flags.json
 https://github.com/NEONScience/NEON-IS-data-processing/blob/8f695227f42bfb446b7e13fc6e63213cb673bdad/pipe/relHumidity/relHumidity_regularized_uncertainty_data.json
 https://github.com/NEONScience/NEON-IS-data-processing/blob/c7a035ae115a78f430a19ea148128d10f19b7f0a/pipe/parWaterSurface/parWaterSurface_calibrated_data.json
 https://github.com/NEONScience/NEON-IS-data-processing/blob/8f695227f42bfb446b7e13fc6e63213cb673bdad/pipe/pressureAir/pressureAir_regularized_flags.json
 https://github.com/NEONScience/NEON-IS-data-processing/blob/306afc2633f568fd765e2ecf479014d3618f8617/pipe/pressureAir/pressureAir_level1_group.yaml
 https://github.com/NEONScience/NEON-IS-data-processing/blob/8f695227f42bfb446b7e13fc6e63213cb673bdad/pipe/prt/prt_location_asset_assignment.json
 https://github.com/NEONScience/NEON-IS-data-processing/blob/ae858825b17ed7d351d83e6abca04a0638a784b5/pipe/prt/prt_date_gap_filler.json
 https://github.com/NEONScience/NEON-IS-data-processing/blob/306afc2633f568fd765e2ecf479014d3618f8617/pipe/ptb330a/data_source_ptb330a_list_years.json
 https://github.com/NEONScience/NEON-IS-data-processing/blob/8f695227f42bfb446b7e13fc6e63213cb673bdad/pipe/exo/exoturbidity_location_asset_assignment.json
 https://github.com/NEONScience/NEON-IS-data-processing/blob/c7a035ae115a78f430a19ea148128d10f19b7f0a/pipe/waterQuality/waterQuality_exofdom_correction_group_pre.json
 https://github.com/NEONScience/NEON-IS-data-processing/blob/c7a035ae115a78f430a19ea148128d10f19b7f0a/pipe/waterQuality/waterQuality_exofdom.json
 https://github.com/NEONScience/NEON-IS-data-processing/blob/5e97c6f88db596786336cde25913d1c9af85458b/pipe/exo/exoconductivity_calibrated_location_group.yaml
 https://github.com/NEONScience/NEON-IS-data-processing/blob/fe7a22a24b537248e61ca59653189591b8c3938e/pipe/csat3/csat3_date_gap_filler.json
 https://github.com/NEONScience/NEON-IS-data-processing/blob/c7a035ae115a78f430a19ea148128d10f19b7f0a/pipe/waterQuality/waterQuality_exoturbidity_padded_ts_analyzer.json
 https://github.com/NEONScience/NEON-IS-data-processing/blob/ae858825b17ed7d351d83e6abca04a0638a784b5/pipe/exo/exo_date_gap_filler_limiter.yaml
 https://github.com/NEONScience/NEON-IS-data-processing/blob/f59be7558a5ddacd87da43b6fc1fd92d55ade49c/pipe/tempAirSingle/tempAirSingle_qaqc_plausibility.json
 https://github.com/NEONScience/NEON-IS-data-processing/blob/c7a035ae115a78f430a19ea148128d10f19b7f0a/pipe/waterQuality/waterQuality_exofdom_timeseries_padder.json
 https://github.com/NEONScience/NEON-IS-data-processing/blob/c7a035ae115a78f430a19ea148128d10f19b7f0a/pipe/tempAirSingle/tempAirSingle_qaqc_flags_group.yaml
 https://github.com/NEONScience/NEON-IS-data-processing/blob/8f695227f42bfb446b7e13fc6e63213cb673bdad/pipe/tempSurfacewater/tempSurfacewater_statistics.yaml
 https://github.com/NEONScience/NEON-IS-data-processing/blob/96599374fd5c989ecc3b180bdfa06b4ae20242ee/pipe/exo/exoturbidity_calibration_conversion.json
 https://github.com/NEONScience/NEON-IS-data-processing/blob/fe7a22a24b537248e61ca59653189591b8c3938e/pipe/csat3/csat3_calibration_assignment.json
 https://github.com/NEONScience/NEON-IS-data-processing/blob/bfa1cd85184ab7d93b5a436a897816e97b9e8d00/pipe/tempSoil/tempSoil_level1_egress.yaml
 https://github.com/NEONScience/NEON-IS-data-processing/blob/96599374fd5c989ecc3b180bdfa06b4ae20242ee/pipe/csat3/csat3_calibration_validation.json
 https://github.com/NEONScience/NEON-IS-data-processing/blob/5e97c6f88db596786336cde25913d1c9af85458b/pipe/exo/exo2_calibrated_location_group.yaml
 https://github.com/NEONScience/NEON-IS-data-processing/blob/8f695227f42bfb446b7e13fc6e63213cb673bdad/pipe/pqs1/pqs1_structure_repo_by_location.json
 https://github.com/NEONScience/NEON-IS-data-processing/blob/1734eae082c865aa3d8f889a9f29a7c1aeae9fb5/pipe/relHumidityBuoy/relHumidityBuoy_stats_instantaneous.json
 https://github.com/NEONScience/NEON-IS-data-processing/blob/fe7a22a24b537248e61ca59653189591b8c3938e/pipe/csat3/csat3_date_gap_filler_limiter.yaml
 https://github.com/NEONScience/NEON-IS-data-processing/blob/8f695227f42bfb446b7e13fc6e63213cb673bdad/pipe/dualfan/dualfan_location_asset_assignment.json
 https://github.com/NEONScience/NEON-IS-data-processing/blob/c7a035ae115a78f430a19ea148128d10f19b7f0a/pipe/par/par_locations.json
 https://github.com/NEONScience/NEON-IS-data-processing/blob/fe7a22a24b537248e61ca59653189591b8c3938e/pipe/presto_data_source/data_source_csat3_linkmerge.json
 https://github.com/NEONScience/NEON-IS-data-processing/blob/c7a035ae115a78f430a19ea148128d10f19b7f0a/pipe/scale_testing/one_month/loaders/data_source_dualfan_site.json
 https://github.com/NEONScience/NEON-IS-data-processing/blob/c7a035ae115a78f430a19ea148128d10f19b7f0a/pipe/scale_testing/one_year/mergers/data_source_year_prt_linkmerge.json
 https://github.com/NEONScience/NEON-IS-data-processing/blob/c7a035ae115a78f430a19ea148128d10f19b7f0a/pipe/waterQuality/waterQuality_exofdom_level1_group.json
 https://github.com/NEONScience/NEON-IS-data-processing/blob/f59be7558a5ddacd87da43b6fc1fd92d55ade49c/pipe/relHumidityBuoy/relHumidityBuoy_padded_timeseries_analyzer.json
 https://github.com/NEONScience/NEON-IS-data-processing/blob/8f695227f42bfb446b7e13fc6e63213cb673bdad/pipe/exo/exototalalgae_calibration_assignment.json
 https://github.com/NEONScience/NEON-IS-data-processing/blob/fe7a22a24b537248e61ca59653189591b8c3938e/pipe/csat3/csat3_location_active_dates_assignment.json
 https://github.com/NEONScience/NEON-IS-data-processing/blob/8f695227f42bfb446b7e13fc6e63213cb673bdad/pipe/parWaterSurface/parWaterSurface_regularized_data.json
 https://github.com/NEONScience/NEON-IS-data-processing/blob/8f695227f42bfb446b7e13fc6e63213cb673bdad/pipe/pqs1/pqs1_location_active_dates_assignment.json
 https://github.com/NEONScience/NEON-IS-data-processing/blob/8f695227f42bfb446b7e13fc6e63213cb673bdad/pipe/waterQuality/waterQuality_exophorp_threshold_filter.json
 https://github.com/NEONScience/NEON-IS-data-processing/blob/c7a035ae115a78f430a19ea148128d10f19b7f0a/pipe/parQuantumLine/parQuantumLine_calibrated_data.yaml
 https://github.com/NEONScience/NEON-IS-data-processing/blob/c7a035ae115a78f430a19ea148128d10f19b7f0a/pipe/tempAirSingle/tempAirSingle_qaqc_data_group.yaml
 https://github.com/NEONScience/NEON-IS-data-processing/blob/c7a035ae115a78f430a19ea148128d10f19b7f0a/pipe/windobserverii/data_source_windobserverii_list_years.json
 https://github.com/NEONScience/NEON-IS-data-processing/blob/c7a035ae115a78f430a19ea148128d10f19b7f0a/pipe/waterQuality/waterQuality_exodissolvedoxygen_thsh_rglr_group.json
 https://github.com/NEONScience/NEON-IS-data-processing/blob/8f695227f42bfb446b7e13fc6e63213cb673bdad/pipe/parWaterSurface/parWaterSurface_quality_metrics.json
 https://github.com/NEONScience/NEON-IS-data-processing/blob/c7a035ae115a78f430a19ea148128d10f19b7f0a/pipe/tempAirSingle/tempAirSingle_prt.json
 https://github.com/NEONScience/NEON-IS-data-processing/blob/1a8751f7ca140e243e090b7400528a1230130add/pipe/tempSpecificDepthLakes/tempSpecificDepthLakes_uncertainty_data.yaml
 https://github.com/NEONScience/NEON-IS-data-processing/blob/ae858825b17ed7d351d83e6abca04a0638a784b5/pipe/ptb330a/ptb330a_date_gap_filler_limiter.yaml
 https://github.com/NEONScience/NEON-IS-data-processing/blob/c7a035ae115a78f430a19ea148128d10f19b7f0a/pipe/waterQuality/waterQuality_exofdom_group_path.json
 https://github.com/NEONScience/NEON-IS-data-processing/blob/ecd18e328401781f2ec7c4bb25aa3ea44f561d5e/pipe/presto_data_source/data_source_li191r_site.json
 https://github.com/NEONScience/NEON-IS-data-processing/blob/8f695227f42bfb446b7e13fc6e63213cb673bdad/pipe/tempAirSingle/tempAirSingle_statistics.json
 https://github.com/NEONScience/NEON-IS-data-processing/blob/c7a035ae115a78f430a19ea148128d10f19b7f0a/pipe/scale_testing/one_month/loaders/data_source_exototalalgae_site.json
 https://github.com/NEONScience/NEON-IS-data-processing/blob/c7a035ae115a78f430a19ea148128d10f19b7f0a/pipe/waterQuality/waterQuality_exofdom_qaqc_flags_group.json
 https://github.com/NEONScience/NEON-IS-data-processing/blob/c7a035ae115a78f430a19ea148128d10f19b7f0a/pipe/sandbox/daily_path_structure.yaml
 https://github.com/NEONScience/NEON-IS-data-processing/blob/c7a035ae115a78f430a19ea148128d10f19b7f0a/pipe/par/par_timeseries_padder.json
 https://github.com/NEONScience/NEON-IS-data-processing/blob/c7a035ae115a78f430a19ea148128d10f19b7f0a/pipe/scale_testing/one_day/data_source_day_exodissolvedoxygen.json
 https://github.com/NEONScience/NEON-IS-data-processing/blob/8f695227f42bfb446b7e13fc6e63213cb673bdad/pipe/tempSpecificDepthLakes/tempSpecificDepthLakes_quality_metrics.yaml
 https://github.com/NEONScience/NEON-IS-data-processing/blob/c7a035ae115a78f430a19ea148128d10f19b7f0a/pipe/pqs1/pqs1_calibrated_location_group.yaml
 https://github.com/NEONScience/NEON-IS-data-processing/blob/8f695227f42bfb446b7e13fc6e63213cb673bdad/pipe/tempSoil/tempSoil_statistics.json
 https://github.com/NEONScience/NEON-IS-data-processing/blob/96599374fd5c989ecc3b180bdfa06b4ae20242ee/pipe/exo/exototalalgae_calibration_conversion.json
 https://github.com/NEONScience/NEON-IS-data-processing/blob/c7a035ae115a78f430a19ea148128d10f19b7f0a/pipe/parQuantumLine/parQuantumLine_timeseries_padder.yaml
 https://github.com/NEONScience/NEON-IS-data-processing/blob/c7a035ae115a78f430a19ea148128d10f19b7f0a/pipe/tempSurfacewater/tempSurfacewater_level1_group.yaml
 https://github.com/NEONScience/NEON-IS-data-processing/blob/c7a035ae115a78f430a19ea148128d10f19b7f0a/pipe/parQuantumLine/parQuantumLine_padded_timeseries_analyzer.yaml
 https://github.com/NEONScience/NEON-IS-data-processing/blob/f59be7558a5ddacd87da43b6fc1fd92d55ade49c/pipe/relHumidityBuoy/relHumidityBuoy_threshold_select.json
 https://github.com/NEONScience/NEON-IS-data-processing/blob/8f695227f42bfb446b7e13fc6e63213cb673bdad/pipe/sunav2/sunav2_structure_repo_by_location.json
 https://github.com/NEONScience/NEON-IS-data-processing/blob/8f695227f42bfb446b7e13fc6e63213cb673bdad/pipe/parQuantumLine/parQuantumLine_threshold_select.yaml
 https://github.com/NEONScience/NEON-IS-data-processing/blob/0467fa7f9c340e34fa91b37b87e809fa91028348/pipe/relHumidity/relHumidity_level1_group.yaml
 https://github.com/NEONScience/NEON-IS-data-processing/blob/c7a035ae115a78f430a19ea148128d10f19b7f0a/pipe/scale_testing/one_year/mergers/data_source_year_exophorp_linkmerge.json
 https://github.com/NEONScience/NEON-IS-data-processing/blob/c7a035ae115a78f430a19ea148128d10f19b7f0a/pipe/prt/prt_data_calibration_group.yaml
 https://github.com/NEONScience/NEON-IS-data-processing/blob/c7a035ae115a78f430a19ea148128d10f19b7f0a/pipe/waterQuality/waterQuality_exophorp_location.json
 https://github.com/NEONScience/NEON-IS-data-processing/blob/306afc2633f568fd765e2ecf479014d3618f8617/pipe/ptb330a/ptb330a_location_asset_assignment.json
 https://github.com/NEONScience/NEON-IS-data-processing/blob/8f695227f42bfb446b7e13fc6e63213cb673bdad/pipe/exo/exoconductivity_location_active_dates_assignment.json
 https://github.com/NEONScience/NEON-IS-data-processing/blob/f59be7558a5ddacd87da43b6fc1fd92d55ade49c/pipe/relHumidityBuoy/relHumidityBuoy_pre_statistics_group.yaml
 https://github.com/NEONScience/NEON-IS-data-processing/blob/c7a035ae115a78f430a19ea148128d10f19b7f0a/pipe/waterQuality/waterQuality_exototalalgae_location.json
 https://github.com/NEONScience/NEON-IS-data-processing/blob/c7a035ae115a78f430a19ea148128d10f19b7f0a/pipe/parWaterSurface/parWaterSurface_context_filter.json
 https://github.com/NEONScience/NEON-IS-data-processing/blob/8f695227f42bfb446b7e13fc6e63213cb673bdad/pipe/waterQuality/waterQuality_exo2_threshold_select.json
 https://github.com/NEONScience/NEON-IS-data-processing/blob/aba86c17d271d13e32c9934dbea09c8f50ae36a7/pipe/relHumidity/relHumidity_threshold_regularized_group.yaml
 https://github.com/NEONScience/NEON-IS-data-processing/blob/c7a035ae115a78f430a19ea148128d10f19b7f0a/pipe/waterQuality/waterQuality_exoconductivity_thsh_rglr_group.json
 https://github.com/NEONScience/NEON-IS-data-processing/blob/8f695227f42bfb446b7e13fc6e63213cb673bdad/pipe/hmp155/hmp155_calibration_assignment.json
 https://github.com/NEONScience/NEON-IS-data-processing/blob/c7a035ae115a78f430a19ea148128d10f19b7f0a/pipe/waterQuality/waterQuality_exodissolvedoxygen_qaqc_flags_group.json
 https://github.com/NEONScience/NEON-IS-data-processing/blob/c7a035ae115a78f430a19ea148128d10f19b7f0a/pipe/scale_testing/one_month/mergers/data_source_exototalalgae_linkmerge.json
 https://github.com/NEONScience/NEON-IS-data-processing/blob/c7a035ae115a78f430a19ea148128d10f19b7f0a/pipe/par/par_locations_upward_facing.json
 https://github.com/NEONScience/NEON-IS-data-processing/blob/ecd18e328401781f2ec7c4bb25aa3ea44f561d5e/pipe/presto_data_source/data_source_exofdom_site.json
 https://github.com/NEONScience/NEON-IS-data-processing/blob/8f695227f42bfb446b7e13fc6e63213cb673bdad/pipe/prt/prt_calibration_assignment.json
 https://github.com/NEONScience/NEON-IS-data-processing/blob/5e97c6f88db596786336cde25913d1c9af85458b/pipe/exo/exoconductivity_date_gap_filler.json
 https://github.com/NEONScience/NEON-IS-data-processing/blob/c7a035ae115a78f430a19ea148128d10f19b7f0a/pipe/waterQuality/waterQuality_exo2_group_path.json
 https://github.com/NEONScience/NEON-IS-data-processing/blob/8f695227f42bfb446b7e13fc6e63213cb673bdad/pipe/pressureAir/pressureAir_regularized_data.json
 https://github.com/NEONScience/NEON-IS-data-processing/blob/ecd18e328401781f2ec7c4bb25aa3ea44f561d5e/pipe/presto_data_source/data_source_tchain_site.json
 https://github.com/NEONScience/NEON-IS-data-processing/blob/c7a035ae115a78f430a19ea148128d10f19b7f0a/pipe/pqs1/data_source_pqs1_list_years.json
 https://github.com/NEONScience/NEON-IS-data-processing/blob/ecd18e328401781f2ec7c4bb25aa3ea44f561d5e/pipe/presto_data_source/data_source_dualfan_linkmerge.json
 https://github.com/NEONScience/NEON-IS-data-processing/blob/c7a035ae115a78f430a19ea148128d10f19b7f0a/pipe/waterQuality/waterQuality_exo2_level1_group.json
 https://github.com/NEONScience/NEON-IS-data-processing/blob/c7a035ae115a78f430a19ea148128d10f19b7f0a/pipe/scale_testing/one_year/loaders/data_source_year_exoconductivity_site.json
 https://github.com/NEONScience/NEON-IS-data-processing/blob/c7a035ae115a78f430a19ea148128d10f19b7f0a/pipe/tempSurfacewater/tempSurfacewater_context_filter.yaml
 https://github.com/NEONScience/NEON-IS-data-processing/blob/c7a035ae115a78f430a19ea148128d10f19b7f0a/pipe/parWaterSurface/parWaterSurface_locations.json
 https://github.com/NEONScience/NEON-IS-data-processing/blob/c7a035ae115a78f430a19ea148128d10f19b7f0a/pipe/csat3/data_source_csat3_list_years.json
 https://github.com/NEONScience/NEON-IS-data-processing/blob/8f695227f42bfb446b7e13fc6e63213cb673bdad/pipe/exo/exototalalgae_structure_repo_by_location.json
 https://github.com/NEONScience/NEON-IS-data-processing/blob/c7a035ae115a78f430a19ea148128d10f19b7f0a/pipe/pqs1/pqs1_date_gap_filler.json
 https://github.com/NEONScience/NEON-IS-data-processing/blob/8f695227f42bfb446b7e13fc6e63213cb673bdad/pipe/exo/exofdom_location_asset_assignment.json
 https://github.com/NEONScience/NEON-IS-data-processing/blob/c7a035ae115a78f430a19ea148128d10f19b7f0a/pipe/tempSoil/tempSoil_level1_group.yaml
 https://github.com/NEONScience/NEON-IS-data-processing/blob/c7a035ae115a78f430a19ea148128d10f19b7f0a/pipe/sunav2/sunav2_data_calibration_group.yaml
 https://github.com/NEONScience/NEON-IS-data-processing/blob/ecd18e328401781f2ec7c4bb25aa3ea44f561d5e/pipe/presto_data_source/data_source_li191r_linkmerge.json
 https://github.com/NEONScience/NEON-IS-data-processing/blob/f59be7558a5ddacd87da43b6fc1fd92d55ade49c/pipe/relHumidityBuoy/relHumidityBuoy_timeseries_padder.json
 https://github.com/NEONScience/NEON-IS-data-processing/blob/c7a035ae115a78f430a19ea148128d10f19b7f0a/pipe/waterQuality/waterQuality_related_location_group.json
 https://github.com/NEONScience/NEON-IS-data-processing/blob/c7a035ae115a78f430a19ea148128d10f19b7f0a/pipe/waterQuality/waterQuality_exofdom_padded_timeseries_analyzer.json
 https://github.com/NEONScience/NEON-IS-data-processing/blob/c7a035ae115a78f430a19ea148128d10f19b7f0a/pipe/waterQuality/waterQuality_sunav2_padded_timeseries_analyzer.json
 https://github.com/NEONScience/NEON-IS-data-processing/blob/306afc2633f568fd765e2ecf479014d3618f8617/pipe/pressureAir/pressureAir_locations.json
 https://github.com/NEONScience/NEON-IS-data-processing/blob/c7a035ae115a78f430a19ea148128d10f19b7f0a/pipe/exo/data_source_exoconductivity_list_years.json
 https://github.com/NEONScience/NEON-IS-data-processing/blob/c7a035ae115a78f430a19ea148128d10f19b7f0a/pipe/scale_testing/one_day/data_source_day_exoconductivity.json
 https://github.com/NEONScience/NEON-IS-data-processing/blob/8f695227f42bfb446b7e13fc6e63213cb673bdad/pipe/tempAirSingle/tempAirSingle_regularized_flags.json
 https://github.com/NEONScience/NEON-IS-data-processing/blob/8f695227f42bfb446b7e13fc6e63213cb673bdad/pipe/par/par_regularized_uncertainty_data.json
 https://github.com/NEONScience/NEON-IS-data-processing/blob/96599374fd5c989ecc3b180bdfa06b4ae20242ee/pipe/li191r/li191r_calibration_conversion.yaml
 https://github.com/NEONScience/NEON-IS-data-processing/blob/8f695227f42bfb446b7e13fc6e63213cb673bdad/pipe/parQuantumLine/parQuantumLine_regularized_data.yaml
 https://github.com/NEONScience/NEON-IS-data-processing/blob/8f695227f42bfb446b7e13fc6e63213cb673bdad/pipe/tempSpecificDepthLakes/tempSpecificDepthLakes_inst_quality_metrics.yaml
 https://github.com/NEONScience/NEON-IS-data-processing/blob/c7a035ae115a78f430a19ea148128d10f19b7f0a/pipe/waterQuality/waterQuality_exofdom_correction_group.json
 https://github.com/NEONScience/NEON-IS-data-processing/blob/8f695227f42bfb446b7e13fc6e63213cb673bdad/pipe/tchain/tchain_merge_data_by_location.yaml
 https://github.com/NEONScience/NEON-IS-data-processing/blob/ecd18e328401781f2ec7c4bb25aa3ea44f561d5e/pipe/presto_data_source/data_source_exototalalgae_linkmerge.json
 https://github.com/NEONScience/NEON-IS-data-processing/blob/c7a035ae115a78f430a19ea148128d10f19b7f0a/pipe/prt/prt_date_gap_filler_linker.json
 https://github.com/NEONScience/NEON-IS-data-processing/blob/f59be7558a5ddacd87da43b6fc1fd92d55ade49c/pipe/relHumidity/relHumidity_context_filter.json
 https://github.com/NEONScience/NEON-IS-data-processing/blob/5e97c6f88db596786336cde25913d1c9af85458b/pipe/exo/exodissolvedoxygen_date_gap_filler_linker.json
 https://github.com/NEONScience/NEON-IS-data-processing/blob/c7a035ae115a78f430a19ea148128d10f19b7f0a/pipe/dualfan/data_source_dualfan_list_years.json
 https://github.com/NEONScience/NEON-IS-data-processing/blob/c7a035ae115a78f430a19ea148128d10f19b7f0a/pipe/waterQuality/waterQuality_exoconductivity_uncertainty.json
 https://github.com/NEONScience/NEON-IS-data-processing/blob/c7a035ae115a78f430a19ea148128d10f19b7f0a/pipe/tempSoil/tempSoil_uncertainty_data.json
 https://github.com/NEONScience/NEON-IS-data-processing/blob/8f695227f42bfb446b7e13fc6e63213cb673bdad/pipe/dualfan/dualfan_merge_data_by_location.json
 https://github.com/NEONScience/NEON-IS-data-processing/blob/c7a035ae115a78f430a19ea148128d10f19b7f0a/pipe/waterQuality/waterQuality_level1_group.json
 https://github.com/NEONScience/NEON-IS-data-processing/blob/c7a035ae115a78f430a19ea148128d10f19b7f0a/pipe/scale_testing/one_year/mergers/data_source_year_exoturbidity_linkmerge.json
 https://github.com/NEONScience/NEON-IS-data-processing/blob/ae858825b17ed7d351d83e6abca04a0638a784b5/pipe/prt/prt_date_gap_filler_limiter.yaml
 https://github.com/NEONScience/NEON-IS-data-processing/blob/8f695227f42bfb446b7e13fc6e63213cb673bdad/pipe/waterQuality/waterQuality_exofdom_correction.json
 https://github.com/NEONScience/NEON-IS-data-processing/blob/c7a035ae115a78f430a19ea148128d10f19b7f0a/pipe/scale_testing/one_day/data_source_day_sunav2.json
 https://github.com/NEONScience/NEON-IS-data-processing/blob/c7a035ae115a78f430a19ea148128d10f19b7f0a/pipe/parWaterSurface/parWaterSurface_threshold_regularized_group.json
 https://github.com/NEONScience/NEON-IS-data-processing/blob/8f695227f42bfb446b7e13fc6e63213cb673bdad/pipe/tempSurfacewater/tempSurfacewater_threshold_select.yaml
 https://github.com/NEONScience/NEON-IS-data-processing/blob/c7a035ae115a78f430a19ea148128d10f19b7f0a/pipe/waterQuality/waterQuality_exofdom_data.json
 https://github.com/NEONScience/NEON-IS-data-processing/blob/c7a035ae115a78f430a19ea148128d10f19b7f0a/pipe/tempSurfacewater/tempSurfacewater_qaqc_flags_group.yaml
 https://github.com/NEONScience/NEON-IS-data-processing/blob/f59be7558a5ddacd87da43b6fc1fd92d55ade49c/pipe/relHumidity/relHumidity_uncertainty_data.json
 https://github.com/NEONScience/NEON-IS-data-processing/blob/c7a035ae115a78f430a19ea148128d10f19b7f0a/pipe/tempAirSingle/tempAirSingle_dualfan_group_path.json
 https://github.com/NEONScience/NEON-IS-data-processing/blob/fe7a22a24b537248e61ca59653189591b8c3938e/pipe/csat3/csat3_qaqc_plausibility.yaml
 https://github.com/NEONScience/NEON-IS-data-processing/blob/306afc2633f568fd765e2ecf479014d3618f8617/pipe/ptb330a/ptb330a_location_active_dates_assignment.json
 https://github.com/NEONScience/NEON-IS-data-processing/blob/c7a035ae115a78f430a19ea148128d10f19b7f0a/pipe/par/par_pre_statistics_group.yaml
 https://github.com/NEONScience/NEON-IS-data-processing/blob/8f695227f42bfb446b7e13fc6e63213cb673bdad/pipe/dualfan/dualfan_structure_repo_by_location.json
 https://github.com/NEONScience/NEON-IS-data-processing/blob/8f695227f42bfb446b7e13fc6e63213cb673bdad/pipe/par/par_statistics.json
 https://github.com/NEONScience/NEON-IS-data-processing/blob/c7a035ae115a78f430a19ea148128d10f19b7f0a/pipe/tempSoil/tempSoil_locations.json
 https://github.com/NEONScience/NEON-IS-data-processing/blob/aba86c17d271d13e32c9934dbea09c8f50ae36a7/pipe/hmp155/hmp155_calibrated_location_group.yaml
 https://github.com/NEONScience/NEON-IS-data-processing/blob/c7a035ae115a78f430a19ea148128d10f19b7f0a/pipe/waterQuality/waterQuality_exophorp_data_uncertainty_group.json
 https://github.com/NEONScience/NEON-IS-data-processing/blob/c7a035ae115a78f430a19ea148128d10f19b7f0a/pipe/scale_testing/one_month/mergers/data_source_exodissolvedoxygen_linkmerge.json
 https://github.com/NEONScience/NEON-IS-data-processing/blob/f59be7558a5ddacd87da43b6fc1fd92d55ade49c/pipe/relHumidityBuoy/relHumidityBuoy_qaqc_flags_group.yaml
 https://github.com/NEONScience/NEON-IS-data-processing/blob/5e97c6f88db596786336cde25913d1c9af85458b/pipe/exo/exophorp_calibrated_location_group.yaml
 https://github.com/NEONScience/NEON-IS-data-processing/blob/1a8751f7ca140e243e090b7400528a1230130add/pipe/tempSpecificDepthLakes/tempSpecificDepthLakes_calibrated_data.yaml
 https://github.com/NEONScience/NEON-IS-data-processing/blob/c7a035ae115a78f430a19ea148128d10f19b7f0a/pipe/waterQuality/waterQuality_exophorp_padded_timeseries_analyzer.json
 https://github.com/NEONScience/NEON-IS-data-processing/blob/c7a035ae115a78f430a19ea148128d10f19b7f0a/pipe/waterQuality/waterQuality_exo2_buoyprofiling_context_filter.json
 https://github.com/NEONScience/NEON-IS-data-processing/blob/f59be7558a5ddacd87da43b6fc1fd92d55ade49c/pipe/relHumidityBuoy/relHumidityBuoy_threshold_regularized_group.yaml
 https://github.com/NEONScience/NEON-IS-data-processing/blob/1a8751f7ca140e243e090b7400528a1230130add/pipe/tempSpecificDepthLakes/tempSpecificDepthLakes_threshold_regularized_group.yaml
 https://github.com/NEONScience/NEON-IS-data-processing/blob/c7a035ae115a78f430a19ea148128d10f19b7f0a/pipe/waterQuality/waterQuality_exofdom_flags.json
 https://github.com/NEONScience/NEON-IS-data-processing/blob/c7a035ae115a78f430a19ea148128d10f19b7f0a/pipe/waterQuality/waterQuality_exoturbidity_group_path.json
 https://github.com/NEONScience/NEON-IS-data-processing/blob/fe7a22a24b537248e61ca59653189591b8c3938e/pipe/csat3/csat3_data_calibration_group.yaml
 https://github.com/NEONScience/NEON-IS-data-processing/blob/8f695227f42bfb446b7e13fc6e63213cb673bdad/pipe/exo/exodissolvedoxygen_location_asset_assignment.json
 https://github.com/NEONScience/NEON-IS-data-processing/blob/c7a035ae115a78f430a19ea148128d10f19b7f0a/pipe/waterQuality/waterQuality_exo2_padded_timeseries_analyzer.json
 https://github.com/NEONScience/NEON-IS-data-processing/blob/8f695227f42bfb446b7e13fc6e63213cb673bdad/pipe/prt/prt_structure_repo_by_location.json
 https://github.com/NEONScience/NEON-IS-data-processing/blob/5e97c6f88db596786336cde25913d1c9af85458b/pipe/exo/exoconductivity_data_calibration_group.yaml
 https://github.com/NEONScience/NEON-IS-data-processing/blob/c7a035ae115a78f430a19ea148128d10f19b7f0a/pipe/tempSoil/tempSoil_qaqc_flags_group.yaml
 https://github.com/NEONScience/NEON-IS-data-processing/blob/c7a035ae115a78f430a19ea148128d10f19b7f0a/pipe/li191r/li191r_calibrated_location_group.yaml
 https://github.com/NEONScience/NEON-IS-data-processing/blob/c7a035ae115a78f430a19ea148128d10f19b7f0a/pipe/scale_testing/one_month/loaders/data_source_windobserverii_site.json
 https://github.com/NEONScience/NEON-IS-data-processing/blob/c7a035ae115a78f430a19ea148128d10f19b7f0a/pipe/tempSurfacewater/tempSurfacewater_locations.yaml
 https://github.com/NEONScience/NEON-IS-data-processing/blob/c7a035ae115a78f430a19ea148128d10f19b7f0a/pipe/waterQuality/waterQuality_exodissolvedoxygen_data.json
 https://github.com/NEONScience/NEON-IS-data-processing/blob/c7a035ae115a78f430a19ea148128d10f19b7f0a/pipe/exo/data_source_exototalalgae_list_years.json
 https://github.com/NEONScience/NEON-IS-data-processing/blob/8f695227f42bfb446b7e13fc6e63213cb673bdad/pipe/exo/exofdom_merge_data_by_location.json
 https://github.com/NEONScience/NEON-IS-data-processing/blob/f59be7558a5ddacd87da43b6fc1fd92d55ade49c/pipe/relHumidityBuoy/relHumidityBuoy_calibrated_flags.json
 https://github.com/NEONScience/NEON-IS-data-processing/blob/ecd18e328401781f2ec7c4bb25aa3ea44f561d5e/pipe/presto_data_source/data_source_ptb330a_site.json
 https://github.com/NEONScience/NEON-IS-data-processing/blob/8f695227f42bfb446b7e13fc6e63213cb673bdad/pipe/waterQuality/waterQuality_exofdom_quality_metrics.json
 https://github.com/NEONScience/NEON-IS-data-processing/blob/c7a035ae115a78f430a19ea148128d10f19b7f0a/pipe/waterQuality/waterQuality_exo2.json
 https://github.com/NEONScience/NEON-IS-data-processing/blob/ecd18e328401781f2ec7c4bb25aa3ea44f561d5e/pipe/presto_data_source/data_source_exoturbidity_linkmerge.json
 https://github.com/NEONScience/NEON-IS-data-processing/blob/8f695227f42bfb446b7e13fc6e63213cb673bdad/pipe/waterQuality/waterQuality_exoconductivity_threshold_filter.json
 https://github.com/NEONScience/NEON-IS-data-processing/blob/ae858825b17ed7d351d83e6abca04a0638a784b5/pipe/hmp155/hmp155_date_gap_filler_limiter.yaml
 https://github.com/NEONScience/NEON-IS-data-processing/blob/96599374fd5c989ecc3b180bdfa06b4ae20242ee/pipe/li191r/li191r_date_gap_filler.json
 https://github.com/NEONScience/NEON-IS-data-processing/blob/c7a035ae115a78f430a19ea148128d10f19b7f0a/pipe/prt/prt_calibrated_location_group.yaml
 https://github.com/NEONScience/NEON-IS-data-processing/blob/c7a035ae115a78f430a19ea148128d10f19b7f0a/pipe/tempSurfacewater/tempSurfacewater_calibrated_flags.yaml
 https://github.com/NEONScience/NEON-IS-data-processing/blob/c7a035ae115a78f430a19ea148128d10f19b7f0a/pipe/scale_testing/one_year/loaders/data_source_year_windobserverii_site.json
 https://github.com/NEONScience/NEON-IS-data-processing/blob/8f695227f42bfb446b7e13fc6e63213cb673bdad/pipe/prt/prt_merge_data_by_location.json
 https://github.com/NEONScience/NEON-IS-data-processing/blob/c7a035ae115a78f430a19ea148128d10f19b7f0a/pipe/tempSoil/tempSoil_calibrated_flags.json
 https://github.com/NEONScience/NEON-IS-data-processing/blob/c7a035ae115a78f430a19ea148128d10f19b7f0a/pipe/waterQuality/waterQuality_exophorp.json
 https://github.com/NEONScience/NEON-IS-data-processing/blob/c7a035ae115a78f430a19ea148128d10f19b7f0a/pipe/par/par_calibrated_flags.json
 https://github.com/NEONScience/NEON-IS-data-processing/blob/8f695227f42bfb446b7e13fc6e63213cb673bdad/pipe/sunav2/sunav2_merge_data_by_location.json
 https://github.com/NEONScience/NEON-IS-data-processing/blob/c7a035ae115a78f430a19ea148128d10f19b7f0a/pipe/scale_testing/one_day/data_source_day_exototalalgae.json
 https://github.com/NEONScience/NEON-IS-data-processing/blob/1734eae082c865aa3d8f889a9f29a7c1aeae9fb5/pipe/tempSpecificDepthLakes/tempSpecificDepthLakes_stats_instantaneous.yaml
 https://github.com/NEONScience/NEON-IS-data-processing/blob/c7a035ae115a78f430a19ea148128d10f19b7f0a/pipe/par/par_threshold_select_group.yaml
 https://github.com/NEONScience/NEON-IS-data-processing/blob/c7a035ae115a78f430a19ea148128d10f19b7f0a/pipe/waterQuality/waterQuality_exodissolvedoxygen_level1_group.json
 https://github.com/NEONScience/NEON-IS-data-processing/blob/c7a035ae115a78f430a19ea148128d10f19b7f0a/pipe/relHumidity/relHumidity_padded_timeseries_analyzer.json
 https://github.com/NEONScience/NEON-IS-data-processing/blob/c7a035ae115a78f430a19ea148128d10f19b7f0a/pipe/waterQuality/waterQuality_exophorp_group_path.json
 https://github.com/NEONScience/NEON-IS-data-processing/blob/c7a035ae115a78f430a19ea148128d10f19b7f0a/pipe/waterQuality/waterQuality_exodissolvedoxygen_group_path.json
 https://github.com/NEONScience/NEON-IS-data-processing/blob/c7a035ae115a78f430a19ea148128d10f19b7f0a/pipe/scale_testing/one_month/mergers/data_source_exoturbidity_linkmerge.json
 https://github.com/NEONScience/NEON-IS-data-processing/blob/c7a035ae115a78f430a19ea148128d10f19b7f0a/pipe/waterQuality/waterQuality_exophorp_level1_group.json
 https://github.com/NEONScience/NEON-IS-data-processing/blob/5e97c6f88db596786336cde25913d1c9af85458b/pipe/exo/exoturbidity_calibrated_location_group.yaml
 https://github.com/NEONScience/NEON-IS-data-processing/blob/f59be7558a5ddacd87da43b6fc1fd92d55ade49c/pipe/relHumidity/relHumidity_calibrated_data.json
 https://github.com/NEONScience/NEON-IS-data-processing/blob/8f695227f42bfb446b7e13fc6e63213cb673bdad/pipe/ptb330a/ptb330a_merge_data_by_location.json
 https://github.com/NEONScience/NEON-IS-data-processing/blob/8f695227f42bfb446b7e13fc6e63213cb673bdad/pipe/ptb330a/ptb330a_structure_repo_by_location.json
 https://github.com/NEONScience/NEON-IS-data-processing/blob/ecd18e328401781f2ec7c4bb25aa3ea44f561d5e/pipe/presto_data_source/data_source_aquatroll200_linkmerge.json
 https://github.com/NEONScience/NEON-IS-data-processing/blob/1a8751f7ca140e243e090b7400528a1230130add/pipe/tempSpecificDepthLakes/tempSpecificDepthLakes_padded_timeseries_analyzer.yaml
 https://github.com/NEONScience/NEON-IS-data-processing/blob/ecd18e328401781f2ec7c4bb25aa3ea44f561d5e/pipe/presto_data_source/data_source_tchain_linkmerge.json
 https://githu",617,,,,,,2102,1,,,,,
